ID,Nombre,Email,Telefono,FechaNacimiento,Contrasena
2,usuario1,usuario,89491849,11-11-11,usuario
3,amayamanuela,amayamanuela@gmail.com,332181960,1998-08-11,kp9fgaar
4,leopoldo23,leopoldo23@gmail.com,116155940,1969-08-01,t8vjp18a
5,pintoleopoldo,pintoleopoldo@gmail.com,525534192,1990-01-16,o4bu2tse
6,iban76,iban76@gmail.com,242388496,1973-08-20,313m8f2p
7,carboisabel,carboisabel@gmail.com,514627048,1998-10-08,5rjs9gb0
8,bautistahernando,bautistahernando@gmail.com,171822782,1978-08-20,q8bynfi4
9,alfonso98,alfonso98@gmail.com,930103105,1997-04-03,4xkhs3r3
10,dreig,dreig@gmail.com,106513338,1983-03-06,v7th3nj0
11,santostorralba,santostorralba@gmail.com,360260647,1974-10-03,32j2b1hx
12,estevezbruno,estevezbruno@gmail.com,361939909,1999-10-18,5i8eoabr
13,ecabo,ecabo@gmail.com,842513542,2000-03-19,tan0v43j
14,herminio48,herminio48@gmail.com,401640052,1993-04-29,8yo5adjf
15,trini05,trini05@gmail.com,315869232,1986-10-29,oq86pd1z
16,marcos33,marcos33@gmail.com,365414586,1981-12-30,y932qbsi
17,arsenio60,arsenio60@gmail.com,561595148,1984-05-04,6nd8ekeu
18,dmontserrat,dmontserrat@gmail.com,738721489,1979-07-05,08hu2e3e
19,jhervas,jhervas@gmail.com,163287083,2000-05-13,br8twfwt
20,wjove,wjove@gmail.com,487347143,1969-09-14,2op2eje7
21,atapia,atapia@gmail.com,466889373,1990-09-07,5v5g4m0e
22,dcerda,dcerda@gmail.com,46537556,1996-03-23,0zcxsnry
23,jorgecases,jorgecases@gmail.com,193745299,2003-08-08,k0dxjlt8
24,oliveraberta,oliveraberta@gmail.com,518506716,1976-03-16,98jhuq9u
25,whervas,whervas@gmail.com,996507527,1983-04-02,9ki68ejw
26,mariscalismael,mariscalismael@gmail.com,349578856,1982-08-28,84bqio6q
27,manugordillo,manugordillo@gmail.com,240824008,1965-01-20,9j61xhte
28,eustaquiomateu,eustaquiomateu@gmail.com,318699938,2004-04-08,k26jrm92
29,crespiabilio,crespiabilio@gmail.com,797403447,1977-09-06,jnwt65bd
30,solisjennifer,solisjennifer@gmail.com,648877190,1965-12-24,yu1yzo9h
31,llobo,llobo@gmail.com,717565512,1991-06-22,gbbyei8b
32,expositoaura,expositoaura@gmail.com,977034824,2007-02-04,89zj3zwg
33,gmanzanares,gmanzanares@gmail.com,677378263,1983-01-08,xi6aalzk
34,vochoa,vochoa@gmail.com,753396360,1974-07-28,4y73u3b0
35,carlitosoria,carlitosoria@gmail.com,596158657,1980-03-13,4f3mvhow
36,marcosplinio,marcosplinio@gmail.com,623869222,1980-08-10,57s90swo
37,lojeda,lojeda@gmail.com,647436713,1984-05-09,zn9k4q1a
38,elviraortuno,elviraortuno@gmail.com,394210470,1984-04-21,e7sv5i9x
39,nilda17,nilda17@gmail.com,236851604,1982-01-23,t93m0vkw
40,pmatas,pmatas@gmail.com,120047113,1989-06-20,lqv8unxa
41,psales,psales@gmail.com,158506431,1965-09-03,czs0tzlt
42,modestaacedo,modestaacedo@gmail.com,228421020,1965-04-18,2qiihsi3
43,alvaro00,alvaro00@gmail.com,661771159,2006-09-15,pdl9ifr4
44,agracia,agracia@gmail.com,766156545,1970-01-11,3qtkl1n4
45,maestreeli,maestreeli@gmail.com,519832731,1983-03-06,9uzthn0x
46,leandromendizabal,leandromendizabal@gmail.com,502296120,1992-10-15,7kbxlv5r
47,venceslas67,venceslas67@gmail.com,643815614,1967-04-24,z17yrr3m
48,efrainpinto,efrainpinto@gmail.com,885160607,2003-03-29,n6ey6wgo
49,pcamacho,pcamacho@gmail.com,968164535,2000-04-30,w8gtt857
50,maria-teresauribe,maria-teresauribe@gmail.com,997995527,1982-11-30,c9g1dabz
51,carmengol,carmengol@gmail.com,597820715,1981-01-29,i7dxdoo1
52,ciriaco86,ciriaco86@gmail.com,492519254,1985-04-15,nb4py8m3
